Sowing,Harvesting,latitude,longitude,temperature_2m_max,temperature_2m_min,apparent_temperature_max,apparent_temperature_min,precipitation_sum,precipitation_hours,sunshine_duration,daylight_duration,evapotranspiration
2018-07-26,2018-12-28,15.672,78.419,38.16,18.06,41.267235,17.457758,250.7,3.3910255,9.166782769097223,11.902521701388888,4.884908
2018-07-25,2018-12-03,25.151,85.698,35.539,12.339,44.552937,11.745921,715.8,5.9469695,9.134249131944445,11.99584201388889,3.55184
2018-07-26,2018-12-26,20.995,86.556,34.065,10.214999,42.237144,9.26546,1035.4,6.038961,8.583668077256945,11.838040364583334,3.3650553
2018-07-10,2018-10-18,14.36,77.589,37.6995,20.8495,39.947014,22.003637,287.49997,4.4950495,8.792401801215277,12.409465060763889,5.30983
2018-07-25,2018-11-29,25.253,85.424,35.6175,12.7675,44.835262,12.32272,713.3,6.4296875,9.074756944444445,12.036374782986112,3.6178465
2018-07-17,2018-12-09,20.362,86.154,33.9715,15.2715,42.658707,15.411594,1416.0,7.979452,8.262526584201389,12.039034288194445,3.3642437
2018-07-27,2018-11-28,22.242,88.192,33.613,15.212999,42.27545,15.394573,834.1,8.224,8.658136935763888,12.03557400173611,3.379417
2018-07-17,2018-12-05,25.38,83.267,36.085003,12.935,45.10688,12.32196,922.49994,6.3943663,8.871292317708333,12.060005425347223,3.6663914
2018-07-20,2018-12-28,17.631,83.062,34.4265,16.676498,41.47517,16.255943,1003.30005,4.314815,8.978466254340278,11.916870659722223,4.00336
2018-07-04,2018-11-17,25.797,88.08,36.517498,14.7175,44.478783,14.810177,733.1,8.153285,9.145026041666666,12.387000868055555,3.6374462
2018-08-22,2019-01-16,16.757,80.515,34.2795,13.9295,40.576904,13.827852,260.59998,2.858108,9.196680772569444,11.633102213541667,3.814231
2018-07-01,2018-11-02,24.525,87.994,36.089,16.588999,44.543194,17.626764,796.3,8.984,9.061602647569444,12.55950954861111,3.726963
2018-06-30,2018-11-10,25.689,86.978,36.8955,14.195499,44.55746,13.770706,886.69995,8.910448,9.086660698784723,12.502680121527778,3.7316744
2018-07-09,2018-11-09,26.39,85.217,36.6655,13.815499,44.710846,13.424486,773.1,8.008064,9.25153537326389,12.43879123263889,3.9205074
2018-07-28,2018-11-24,16.871,81.721,34.161,21.261,41.70192,24.531975,673.7999,6.5583334,8.896159939236112,12.074388020833334,3.875587
2018-07-18,2018-12-11,21.859,87.18,34.4565,12.6565,41.56839,11.614346,999.9,7.517007,8.46738009982639,12.008473307291666,3.3456843
2018-07-04,2018-11-13,23.723,88.289,34.7195,16.969501,43.328915,17.684755,781.8,8.759398,8.96210720486111,12.402592230902778,3.6508489
2018-07-26,2018-12-27,15.855,78.362,37.0715,18.0715,39.279263,18.078964,302.1,3.935484,9.285532769097221,11.904122178819444,4.8618517
2018-07-15,2018-11-16,25.683,86.992,36.908497,14.2085,44.579445,13.787674,737.9,7.888,9.165455729166666,12.286843532986111,3.6682675
2018-06-25,2018-10-31,27.058,83.68,36.111,15.911,43.5821,16.740652,1237.0,8.961241,8.806944444444444,12.694649522569444,3.7682495
2018-07-21,2018-11-13,23.596,86.774,33.5975,15.6475,40.707043,15.7271595,797.2001,8.534483,8.3399169921875,12.242759331597222,3.4769084
2018-07-21,2018-11-05,26.334,85.32,35.787,16.036999,44.84109,16.36982,790.2,8.657408,9.062467990451388,12.357514105902778,3.7689822
2018-07-09,2018-11-10,25.2,85.719,38.25,14.0,44.539387,13.506805,819.0,7.736,9.227186414930555,12.409878472222223,3.9217248
2018-07-14,2018-12-15,20.212,86.266,33.563,14.863,41.662956,14.750074,1905.3,8.070968,8.351751844618056,12.019627821180556,3.320295
2018-07-17,2018-12-16,20.128,86.265,33.413002,14.662999,41.296074,14.621578,1678.3999,8.084968,8.282076280381945,11.988948567708333,3.3172855
2018-07-24,2018-11-26,23.375,87.564,33.8565,14.7065,41.408497,14.852203,848.19995,7.2539682,8.727887369791667,12.080977647569444,3.504712
2018-07-27,2018-11-30,24.964,86.824,35.8485,14.3485,43.102177,14.402529,585.3,5.8346457,9.078355034722222,12.005345052083333,3.4959164
2018-07-18,2018-11-10,26.132,85.622,37.461,14.861,44.2363,14.296661,751.4,8.103448,9.085440538194444,12.328364800347222,3.7911286
2018-06-21,2018-12-28,20.811,86.242,34.419502,11.2695,41.543736,9.57429,1608.5,7.879581,8.100221896701388,12.1005859375,3.3164139
2018-07-21,2018-12-12,20.873,85.933,33.718998,15.419,42.838917,15.3994465,1047.6001,7.0551724,8.322049696180555,11.980266927083333,3.4038434
2018-07-02,2019-09-28,30.167,76.487,44.065,3.4650002,45.202526,1.0112901,1513.0,3.6585903,9.488800998263889,12.363223741319445,4.1105976
2018-07-29,2018-11-18,16.668,81.615,33.858498,21.0585,40.9426,23.304201,696.9,6.823009,8.731597764756945,12.109161241319445,3.888024
2018-07-06,2018-10-10,22.922,88.572,34.2695,22.2695,41.70059,26.220036,920.60004,11.85567,8.533797200520834,12.722586805555556,3.619803
2018-06-29,2018-11-11,27.248,83.74,35.559002,14.209001,43.745316,14.224899,1259.3999,8.2279415,9.012587890625,12.528672960069445,3.6562352
2018-07-01,2018-11-18,25.786,88.077,36.5305,13.4805,44.50112,13.567972,826.8,8.411347,9.017905815972222,12.404246961805555,3.6098473
2018-07-02,2018-11-13,26.36,85.643,36.8825,13.4325,44.311825,12.844814,912.4,8.311111,9.307159288194445,12.460176866319445,3.8831072
2018-07-01,2018-11-08,27.123,82.576,35.674,13.874,42.974327,13.654461,1061.0,7.6412215,8.488805338541667,12.543052300347222,3.7270403
2018-07-20,2018-11-30,25.245,85.569,38.0435,12.9935,44.981,12.51832,732.4,6.761194,9.147493489583333,12.079769965277778,3.653547
2018-06-22,2018-11-08,25.668,88.107,36.732502,15.7325,45.046547,15.941641,983.4999,9.65,8.952906901041667,12.594583333333333,3.6183124
2018-07-06,2018-12-08,20.24,86.518,33.580498,16.4805,41.077427,16.770378,1725.7001,9.089744,8.6642822265625,12.13348415798611,3.5002294
2018-07-10,2018-11-23,26.105,86.213,37.195503,13.5955,45.049587,13.442131,638.60004,7.1167884,9.325078125,12.263136935763889,3.8020947
2018-07-18,2018-11-19,23.175,86.52,33.815502,15.315499,41.56392,14.854929,926.0,8.4,8.219939778645834,12.207979600694445,3.4144905
2018-07-17,2018-11-12,26.551,84.617,36.826,15.226,44.682064,14.551924,671.6,7.680672,9.014932183159722,12.3196484375,3.6822755
2018-01-05,2018-05-20,26.182,89.187,32.330498,7.0305004,37.856674,5.3117685,310.0,3.125,9.532068142361112,11.974822048611111,3.3831384
2018-07-27,2018-11-20,23.601,86.777,33.578,14.928,40.673035,15.121525,703.60004,7.5128207,8.666716579861111,12.110425347222222,3.5076985
2018-07-11,2018-10-24,26.509,85.699,37.413002,16.213001,44.540573,16.427221,691.89996,9.132075,9.376984592013889,12.614651692708334,3.906252
2018-07-18,2018-11-26,23.015,88.51,34.3695,15.8195,41.985332,16.231712,908.0,8.143939,8.5741748046875,12.139029947916667,3.470459
2018-07-28,2018-11-13,23.435,87.576,33.9435,15.643499,41.61631,15.939648,733.80005,7.880734,8.770406358506944,12.172039930555556,3.571986
2018-07-22,2018-11-17,24.919,85.8,35.728,13.728,44.159466,13.555878,755.0,7.0084033,8.838998480902777,12.197097439236112,3.604407
2018-07-13,2018-12-13,17.929,82.906,34.375,17.275002,41.7677,16.54825,912.10004,5.909091,8.581416015625,12.049938151041667,3.7296662
2018-07-16,2018-11-01,26.441,84.892,37.1675,15.367499,44.575302,15.75437,733.0999,8.440367,9.015501844618056,12.462748480902778,3.7775095
2018-08-12,2019-01-07,16.751,80.519,34.299,13.948999,40.609623,13.853746,484.5,3.9865773,8.787778862847222,11.728309461805555,3.7419004
2018-07-24,2018-11-26,24.822,86.924,36.0345,13.3345,43.901917,13.113876,669.69995,6.547619,8.959525824652777,12.079351128472222,3.5423474
2018-07-10,2018-11-22,25.226,85.485,38.1065,14.1565,44.73685,13.643101,729.39996,7.0147057,9.262609592013888,12.267398003472222,3.8751774
2018-07-17,2018-12-17,20.124,86.244,33.419502,15.5195,41.28309,14.29516,1774.8999,7.909091,8.274139539930555,11.981982421875,3.3098173
2018-06-28,2018-11-19,20.419,81.672,32.591,15.941,37.59968,15.744362,1334.0,7.841379,7.456183810763889,12.347937282986111,3.5103092
2018-07-15,2018-11-02,26.622,85.016,36.641,15.740999,44.52801,16.048208,728.9,8.801802,9.00441134982639,12.46352756076389,3.759394
2018-07-26,2018-11-19,25.91,86.128,36.0695,14.3195,45.118656,14.245962,590.5,6.991453,9.25929470486111,12.133947482638888,3.713417
2018-07-25,2018-12-13,17.957,82.86,34.2905,17.1905,41.62928,16.441671,672.2,5.2887325,8.877016059027778,11.96359592013889,3.7835865
2018-07-30,2018-11-25,17.001,80.955,34.8735,18.5235,40.672096,19.775942,603.69995,5.529412,8.525179036458333,12.052853732638889,4.001639
2018-07-09,2018-11-14,27.058,83.508,35.4935,14.643499,43.482483,14.789015,1040.5,7.1782947,8.909802517361111,12.38750217013889,3.6838858
2018-07-12,2018-11-16,23.08,88.569,34.398003,17.148,42.02872,17.813393,902.39996,8.7265625,8.651248914930555,12.293284505208334,3.5312867
2018-07-24,2018-12-04,21.896,88.215,33.411,15.661,41.54212,15.736578,976.49994,8.358209,8.588357204861111,12.012124565972222,3.3859913
2018-07-11,2018-11-07,26.671,85.045,36.7195,14.4695,44.622307,13.899612,771.1,8.166667,9.03375217013889,12.446272786458334,3.7879763
2018-07-23,2018-11-27,23.412,88.163,34.1805,14.6305,41.76203,14.946653,757.10004,7.3828125,8.86579372829861,12.081097005208333,3.4853673
2018-06-30,2018-11-10,26.835,83.85,35.715,14.964999,45.593655,15.124134,1070.2,7.9925375,8.865178493923612,12.523275824652778,3.7433777
2018-07-16,2018-10-27,27.113,82.823,35.7805,14.830501,43.299057,15.226339,988.0,7.9038463,8.490228407118055,12.535900607638888,3.772706
2018-08-06,2018-12-10,22.459,87.923,33.6675,12.5175,42.327843,11.75622,523.10004,6.1811023,9.212956814236112,11.832444661458334,3.4399376
2018-06-20,2018-11-25,21.344,82.075,37.567497,13.617499,43.826183,13.052641,1169.6,7.4779873,7.772702907986111,12.363199869791666,3.6460736
2018-07-30,2018-11-24,24.82,85.907,35.516,14.816,43.709663,14.862326,575.0,6.084746,9.1296484375,12.035602213541667,3.6577404
2018-07-20,2018-11-22,25.661,83.759,37.026,13.876,44.83415,13.437458,1028.7999,6.5793653,8.857652452256945,12.166139322916667,3.734326
2018-07-16,2018-12-05,17.745,82.681,34.547,17.347,40.6551,17.010765,946.10004,5.2377625,8.757757161458333,12.082245008680555,3.927593
2018-07-24,2018-12-28,15.674,78.42,38.186,18.085999,41.30528,17.490503,251.7,3.386076,9.196971571180555,11.91503146701389,4.9096203
2018-07-11,2018-11-04,26.65,84.611,36.732502,15.9325,44.411804,16.674469,720.8,8.17094,8.921992730034722,12.482744140625,3.7858582
2018-08-09,2018-12-20,20.66,86.118,34.1975,13.5475,42.006653,13.471416,916.10004,6.1567163,8.819112955729167,11.7598828125,3.4052353
2018-07-25,2018-11-20,25.136,87.053,35.726,13.176,43.803753,13.269859,582.5,6.605042,9.223827039930555,12.132759331597223,3.5964212
2018-07-01,2018-10-26,26.895,84.002,36.174,16.624,44.493713,17.27214,1129.0,9.576271,8.637527126736112,12.697075737847221,3.7276847
2018-06-21,2018-10-25,30.666,75.868,40.010998,14.061001,43.981102,12.998667,679.9,5.3228345,9.212721354166666,12.917683376736111,3.8856096
2018-07-19,2018-11-30,25.531,86.966,37.1195,14.0195,44.329887,13.59635,768.10004,7.133333,9.191983506944444,12.090209418402777,3.5822713
2018-06-30,2018-11-20,27.06,83.678,35.522,13.122,43.515926,12.743113,1210.5,7.6180553,8.924672309027779,12.408042534722222,3.6482255
2018-03-09,2018-05-31,14.546,76.875,38.9695,18.8195,42.05763,17.78449,59.600006,1.1904762,11.242891710069445,12.492574869791667,6.0855036
2018-07-26,2018-12-10,24.844,87.069,36.9675,10.7175,44.58037,9.653461,445.10004,5.253623,9.180506727430556,11.918822699652777,3.4983997
2018-07-14,2018-11-17,25.071,86.528,37.127,15.127,44.35233,14.11031,780.4,8.094488,8.915908203125,12.280725911458333,3.6107974
2018-07-12,2018-11-17,26.302,85.032,36.515,15.165,44.781887,14.426134,709.7,7.410853,9.265825737847223,12.312494574652778,3.775948
2018-08-20,2018-12-20,16.148,80.501,38.054497,17.654501,41.158234,17.864223,281.90002,4.203252,9.14609157986111,11.765837673611111,4.1132617
2018-06-25,2018-11-06,27.226,83.658,35.219997,14.92,43.919235,14.5586605,1267.2,8.422222,8.944777018229166,12.626955295138888,3.711085
2018-07-12,2018-11-15,26.057,84.995,37.213,15.162999,44.439545,15.740393,731.0,7.2440944,9.195656467013889,12.332913411458334,3.8021312
2018-07-03,2018-11-17,21.144,81.612,33.5955,14.2955,40.641693,13.844191,1079.6001,7.963768,7.548828125,12.337796223958334,3.5531912
2018-07-04,2018-11-14,25.075,85.466,38.5735,14.8235,44.895775,14.656986,801.5,7.2910447,9.04247287326389,12.410903862847222,3.9542747
2018-07-24,2018-12-20,23.334,88.661,33.851997,11.802,41.95999,11.49851,819.8,6.4666667,8.771506618923611,11.86896484375,3.3890436
2018-08-02,2018-11-10,25.299,83.051,35.7085,14.9585,44.18828,15.289633,584.69995,6.3465347,9.047099609375,12.156598307291667,3.9307544
2018-07-13,2018-11-07,26.348,85.279,36.510998,14.161,45.043877,13.453604,793.89996,8.262712,9.253820529513888,12.42005859375,3.8743615
2018-08-17,2018-12-21,15.563,80.047,39.991,17.041,41.530727,18.09153,336.80002,4.5826774,9.350526258680556,11.793649088541667,4.3066
2018-07-22,2018-12-02,20.928,86.538,34.2065,14.856501,42.010567,14.708263,1105.2001,7.4626865,8.4900634765625,12.050623914930556,3.4438906
2018-07-15,2018-12-14,20.346,86.254,33.787,14.937,42.5839,14.787111,1653.7,7.869281,8.24,12.018135850694444,3.3417404
2018-07-30,2018-11-14,16.666,81.615,33.864998,21.065,40.953327,23.313725,684.5,6.8796296,8.694180230034723,12.130458984375,3.8990698
2018-07-23,2018-11-10,25.315,87.308,35.8195,16.5695,44.161404,17.651154,691.2999,7.8378377,9.118084852430556,12.267442491319445,3.6306255
2018-07-24,2018-10-30,27.074,83.684,34.867,15.967,43.351173,16.568031,901.10004,8.232324,8.57988498263889,12.407273220486111,3.565554
2018-08-21,2018-12-06,24.163,88.233,34.6,14.05,41.53783,13.857967,253.8,4.0,9.414529079861111,11.682838541666667,3.5111253
2018-07-18,2018-11-22,25.918,86.679,37.0325,14.4325,44.59873,14.29141,674.0,7.625,9.300563151041667,12.188489583333334,3.6862159
2018-07-05,2018-11-12,27.143,82.704,35.8545,14.0045,43.228535,14.21818,1043.1,6.9389315,8.693614908854167,12.455493706597222,3.7375937
2018-07-26,2018-12-20,17.868,82.789,34.909,14.509001,41.25812,13.23708,742.9,5.033784,8.619992404513889,11.914462890625,3.8219259
2018-06-14,2018-10-28,30.075,75.852,40.817497,15.117499,44.68207,14.069412,471.3,3.9562044,9.071555989583333,12.918108723958333,4.2009287
2018-07-11,2018-10-30,26.712,84.25,36.248,16.648,44.641624,16.895878,907.30005,8.696428,8.908172200520834,12.543921440972222,3.782087
2018-08-01,2018-12-05,25.431,88.041,35.989002,12.438999,43.72697,12.260923,454.6,5.3622046,9.371890190972222,11.896592881944445,3.5037694
2018-09-02,2018-12-19,14.722,77.695,37.791,17.091,40.922173,17.49147,185.0,2.6330276,9.806167534722222,11.720686848958334,5.0543633
2018-07-10,2018-11-22,25.876,87.894,36.826,13.526,44.605988,13.189997,726.2001,8.036765,9.10422092013889,12.272746310763889,3.5827005
2018-07-17,2018-11-05,26.302,85.407,36.9435,15.2935,44.75798,15.046568,808.5,8.517858,9.178353949652777,12.401373697916666,3.817966
2018-10-10,2019-01-24,18.917,83.765,31.449501,9.5495,36.22013,7.9810266,313.1,1.411215,9.479633246527778,11.223644748263888,3.3363636
2018-07-15,2018-11-25,24.931,83.862,37.0535,14.7035,44.441628,13.655573,1110.6,7.597015,8.752171223958333,12.183604600694444,3.7857926
2018-06-28,2018-11-08,26.663,84.02,36.226,15.026,44.763206,14.773338,1190.9,8.626865,8.84900607638889,12.563219401041666,3.809279
2018-07-08,2018-11-05,26.677,85.568,37.248,15.648,44.758945,15.723915,663.10004,7.8842974,9.388145616319445,12.501669921875,3.9130583
2018-07-10,2018-11-15,21.147,81.611,33.589,14.289,39.28408,13.835596,977.3,7.5116277,7.590545247395833,12.300900607638889,3.5596175
2018-08-20,2018-12-20,16.137,80.5,38.067497,17.667501,41.17761,17.882774,281.90002,4.203252,9.14609157986111,11.765837673611111,4.1142864
2018-07-25,2018-11-22,22.641,88.098,33.5935,15.7935,41.857456,16.433355,894.2,8.256198,8.693611653645833,12.110197482638888,3.453561
2018-07-28,2018-11-26,24.995,85.662,35.8435,13.0435,44.322296,12.682896,720.89996,6.0901637,9.250274522569445,12.03594943576389,3.6154106
2018-07-03,2018-11-15,26.777,84.989,36.8265,13.9265,45.082928,13.867565,800.6,7.5661764,9.168430989583333,12.433363715277778,3.779633
2018-07-17,2018-12-15,22.366,88.183,33.613,13.212999,42.007,12.645145,926.1001,7.4736843,8.644384223090277,11.982230902777777,3.3295736
2018-07-01,2018-11-08,26.544,85.716,37.413002,13.313,44.540573,12.882515,867.6001,8.442748,9.373042534722222,12.53227756076389,3.8660905
2018-07-20,2018-12-14,18.739,83.802,30.376999,14.776999,36.883644,13.620638,1185.2001,6.425676,8.482194010416666,11.988526475694444,3.363256
2018-07-26,2018-11-23,23.138,88.679,33.724,15.174,41.377544,15.860296,761.1,7.4049587,8.904170464409722,12.090613064236111,3.5119224
2018-07-13,2018-11-19,26.066,85.915,37.4565,13.356501,45.056446,12.853243,703.2,7.2615385,9.22063259548611,12.276522352430556,3.8255
2018-06-17,2018-10-20,30.284,76.431,40.8545,15.2045,44.094505,15.294573,704.69995,5.9365077,8.957304144965278,13.008243272569445,3.937417
2018-07-08,2018-11-20,27.104,83.356,35.445503,12.9955,43.46027,12.504913,1070.2001,6.9485292,8.866291775173611,12.327064887152778,3.6630847
2018-07-22,2018-12-06,22.256,88.523,33.573997,14.024,42.17859,13.870483,1060.0,8.275362,8.560426974826388,12.01177951388889,3.3032408
2018-07-06,2018-10-30,26.0,85.55,37.2085,16.0585,44.847687,16.029238,706.5,8.752137,9.13484375,12.579643012152777,3.96155
2018-07-15,2018-11-20,25.166,86.678,37.298,14.048,44.36703,14.016777,753.9,7.4573646,9.056373697916667,12.238219401041667,3.6271026
2018-07-14,2018-11-11,26.356,84.916,36.715,14.065,44.441547,13.277969,726.4,7.7933884,9.15666015625,12.36179904513889,3.7740135
2018-07-19,2018-12-05,25.299,83.051,35.7085,12.658501,44.311966,11.837584,828.99994,6.292857,8.706866861979167,12.039281684027777,3.6847599
2018-07-15,2018-11-01,14.669,77.36,37.072002,19.972,38.508423,19.01607,214.2,3.9545455,9.295501302083334,12.298677300347222,5.7014627
2018-07-28,2018-11-16,16.78,81.661,34.1435,21.3935,40.676296,23.683287,712.4,6.928571,8.703783094618055,12.130406901041667,3.9060352
2018-07-27,2018-11-29,16.398,80.898,35.7,19.2,41.39446,21.134136,558.9,5.571429,8.972772352430555,12.049259982638889,4.0871983
2018-07-23,2018-11-22,27.101,83.355,34.851997,13.002,43.275917,12.513468,922.60004,6.512195,8.848902994791667,12.13543728298611,3.5513632
2018-07-14,2018-12-20,20.234,86.333,33.563,13.912999,41.662956,14.11175,1988.2001,8.0,8.275101453993056,11.98495876736111,3.2932343
2018-02-24,2018-06-06,26.196,89.315,32.9525,14.9025,41.3101,14.261681,545.19995,6.242718,9.469624565972222,12.741410590277777,3.7939494
2018-07-16,2018-12-09,20.106,86.206,33.419502,15.5195,41.28309,15.753815,1787.9999,8.244898,8.2510791015625,12.047872178819444,3.3078613
2018-07-05,2018-11-20,22.921,88.573,34.2695,16.6695,41.70059,17.401455,1028.9,9.115108,8.729224717881944,12.313995225694445,3.5107203
2018-07-31,2018-11-22,24.879,85.833,35.327,13.526999,43.975983,13.8720455,537.1,5.808696,9.29790256076389,12.045868055555555,3.6567054
2018-07-05,2018-12-06,20.305,86.094,33.763,15.813,42.062172,15.784794,1869.8,8.651613,8.192990993923612,12.156571180555556,3.3418071
2018-08-30,2018-12-31,17.522,82.441,34.162,11.562,40.72182,10.208212,392.69995,3.346774,9.647783203125,11.607923177083334,3.9058552
2018-07-15,2018-11-17,25.067,86.549,37.14,15.14,44.374763,14.127182,778.7,8.095238,8.8964599609375,12.270579427083334,3.5985436
2018-07-15,2018-11-28,26.053,87.897,36.7695,13.2195,44.767353,12.935003,746.3,7.6642337,9.060003797743056,12.15489040798611,3.4822333
2018-07-24,2018-12-25,21.146,86.377,34.537,9.637,41.900784,7.8837442,1039.7,6.354839,8.485870768229166,11.85985568576389,3.2953486
2018-07-18,2018-11-10,25.162,86.992,36.8435,13.6935,43.82627,13.924715,682.5,7.793103,8.996984592013888,12.318510199652778,3.64017
2018-07-25,2018-11-30,25.433,83.503,35.1935,13.2435,44.500862,12.914167,729.0,6.0387597,8.866177842881944,12.02546875,3.639166
2018-07-26,2018-12-28,17.956,82.859,34.362,15.712,41.746384,16.531847,791.00006,5.1538463,8.803187391493056,11.869595269097223,3.706367
2018-07-24,2018-11-10,25.638,83.651,34.6565,15.606501,43.950783,16.265856,956.5,7.1545453,8.783482530381944,12.258601345486111,3.7382557
2018-07-27,2018-12-01,17.772,82.925,34.3505,17.800499,41.427803,17.5721,676.5,5.1953125,8.968778211805555,12.030092230902778,4.1183143
2018-07-15,2018-12-16,20.364,86.085,33.9585,15.2585,42.63604,15.393944,1574.6,7.767742,8.217586805555555,12.003783637152777,3.3420126
2018-08-23,2018-12-20,16.496,79.918,37.5925,17.842499,41.108303,17.918737,232.2,3.2666667,9.338823784722223,11.73680881076389,4.468562
2018-07-03,2018-11-13,24.827,85.552,38.317497,14.1675,44.686195,13.947075,991.0,7.373134,9.034193793402778,12.427973090277778,3.894852
2018-07-25,2018-11-20,25.112,85.521,35.3325,14.2825,44.66741,13.589291,676.4,6.7058825,9.054236653645834,12.132759331597223,3.6704803
2018-07-18,2018-11-05,26.738,84.868,36.552,16.052,44.668636,15.919615,791.0,8.414414,8.971278211805556,12.395954861111111,3.727789
2018-07-01,2018-11-13,26.404,85.595,37.0195,14.3195,44.686527,13.81451,934.60004,8.2720585,9.210483940972223,12.47089626736111,3.892331
2018-07-19,2018-11-06,23.613,86.535,34.63,15.78,41.890953,16.322578,834.60004,9.162162,8.241486545138889,12.336077473958333,3.490583
2018-06-20,2018-10-27,30.442,75.751,40.5935,14.393499,44.39166,12.937378,630.9,4.792308,9.331053602430556,12.892373046875,3.9660692
2018-10-27,2019-01-09,16.222,80.672,35.463,14.863,38.447292,15.267626,122.600006,2.32,9.40526584201389,11.289873046875,3.7735226
2018-07-30,2018-11-25,25.257,86.569,35.9605,14.910501,44.232914,14.973665,493.9,6.02521,9.237964409722222,12.023568793402777,3.622756
2018-07-12,2018-10-28,26.477,85.5,37.0585,15.6085005,44.473515,15.615393,813.6,8.844037,9.197434895833334,12.553869357638888,3.937736
2018-07-16,2018-11-27,26.247,86.161,37.0435,13.3435,45.23707,13.26545,757.89996,7.125926,9.441330295138888,12.155601128472222,3.690472
2019-07-30,2019-11-02,14.875,76.896,32.932503,20.1325,36.92265,22.745485,501.6,8.65625,8.372786458333334,12.208440755208333,4.049086
2018-07-30,2018-11-28,16.968,81.239,34.3605,17.9605,41.15399,18.750183,720.89996,5.991803,8.68994900173611,12.032403428819444,3.9269052
2018-02-21,2018-06-13,26.357,89.749,35.394,14.094,43.03726,13.869574,819.5,6.716814,9.689580078125,12.773634982638889,3.7700303
2018-06-20,2018-10-11,23.762,88.491,34.987,22.337,43.378933,25.972063,888.7,11.157895,8.6707275390625,12.856963975694445,3.760418
2018-06-25,2018-12-05,21.109,81.681,36.6065,13.3065,40.830677,12.480001,1178.8002,7.195122,7.781810438368056,12.242156032986111,3.5687423
2018-07-20,2018-11-27,23.425,86.426,34.413498,12.6135,41.287945,11.813824,883.00006,7.7328243,8.309129774305555,12.110601128472222,3.4492338
2018-07-11,2018-11-20,26.307,86.39,36.8435,13.3435,44.97214,13.119808,824.8,7.706767,9.522516276041667,12.288369140625,3.7278636
2018-07-16,2018-11-11,26.578,85.792,37.2475,13.8975,44.56665,13.835098,745.5,7.9663863,9.444493272569444,12.343333333333334,3.8031826
2018-07-10,2018-11-13,26.134,86.123,37.195503,13.8455,44.922306,13.694975,671.6,7.7007875,9.326167534722222,12.37759006076389,3.8543634
2018-07-25,2018-12-21,17.772,82.803,34.6115,16.1115,40.16278,16.35484,863.4,4.68,8.858055555555556,11.917644314236112,3.9764168
2018-07-17,2018-12-06,20.657,86.073,34.158497,15.2585,41.939835,15.000792,1343.3,7.916084,8.240829535590278,12.061460503472222,3.3727438
2018-07-15,2018-11-27,26.173,86.027,36.9585,13.5085,45.08049,13.20406,699.8,6.8235292,9.327352430555555,12.166223958333333,3.717895
2018-07-26,2018-12-12,22.333,88.317,33.5305,12.1805,41.847538,10.993498,889.6001,7.357143,8.810027669270834,11.923685980902778,3.3251264
2018-08-01,2018-11-24,23.608,86.705,33.454,13.854,40.927654,13.310497,547.6,6.8189654,8.941512044270834,12.01884982638889,3.5519645
2018-07-02,2018-11-10,26.843,85.579,36.5955,14.8455,44.445232,14.947798,1001.9,8.431818,9.457768012152778,12.503921440972222,3.8384774
2018-06-20,2018-11-29,20.814,86.241,38.376,15.976,44.54664,15.179865,1593.3,9.07362,7.981515842013889,12.323243272569444,3.4016068
2018-07-02,2018-11-15,24.907,85.499,38.3475,13.747499,44.883987,13.731598,941.3,7.270073,9.020695529513889,12.416285807291667,3.8957334
2018-08-04,2018-11-28,23.194,87.675,33.9305,14.9805,41.676384,15.002726,544.10004,6.5641026,9.177884114583334,11.951561414930556,3.5721126
2018-07-26,2018-12-25,21.025,86.678,34.190998,9.841,42.977283,7.973645,1096.0,6.183007,8.675259874131944,11.84345703125,3.3829975
2018-07-26,2018-11-16,17.219,81.566,34.911,20.161001,40.229893,21.450375,610.80005,6.5701756,8.774686957465278,12.145400390625,3.9325347
2018-07-15,2018-12-10,20.249,86.1,33.7955,15.8455,42.118458,15.827879,1710.2,7.9261746,8.252819552951388,12.047951388888889,3.344682
2018-06-22,2018-10-26,29.993,75.889,40.5,15.35,44.92325,13.838928,421.0,4.4094486,9.055920681423611,12.871515842013888,4.132364
2018-08-30,2018-12-26,17.482,82.603,34.030003,15.53,40.904083,15.907009,459.50003,3.8907564,9.671561414930556,11.631756727430556,3.8672004
2018-06-12,2018-09-19,20.73,86.313,38.976,24.276,44.843727,27.299377,1443.5001,12.65,7.134914822048611,12.972118055555555,3.4624066
2018-07-18,2018-11-18,26.053,87.032,36.802,13.402,45.08052,13.390816,670.60004,7.919355,9.244931640625,12.23451388888889,3.5778432
2018-07-15,2018-12-14,21.847,87.185,34.3435,13.0935,41.288795,12.201336,979.69995,7.48366,8.591374240451389,12.011001519097222,3.3122714
2018-07-18,2018-11-15,25.391,83.205,35.911,15.411,44.75963,16.05711,890.7,7.46281,8.718707139756944,12.264441189236111,3.7162983
2018-06-25,2018-12-10,21.107,81.737,36.4675,13.617499,39.875366,12.764914,1250.9,7.1183434,7.840833333333333,12.202115885416667,3.5570993
2018-08-15,2018-12-21,16.02,79.509,38.5195,18.119501,42.540127,18.428331,285.0,4.108527,9.321489800347223,11.798134765625,4.494133
2018-08-16,2018-12-13,18.036,83.387,34.4975,16.2475,41.294342,15.646473,482.90002,4.325,9.258395182291666,11.794377170138889,3.8629715
2018-07-22,2018-11-20,25.112,86.626,36.041,14.990999,44.372295,14.497168,768.8,7.5983605,8.866119249131945,12.165028211805556,3.5147538
2018-08-21,2018-12-22,15.969,80.222,38.524,17.824001,40.788036,17.870844,240.0,4.08871,9.564012586805555,11.752750651041667,4.221253
2018-07-15,2018-12-28,20.927,86.547,34.213,10.113,42.021553,9.102286,1308.9,6.838323,8.529414605034722,11.91893771701389,3.3720732
2018-07-24,2018-11-20,22.101,88.432,33.65,16.6,42.27292,17.559685,1129.8,9.616667,8.482365993923612,12.138196614583334,3.3466847
2018-07-29,2018-12-26,20.657,86.37,34.2,10.85,42.098694,9.966322,1153.5,6.4172187,8.6647021484375,11.817452256944444,3.3177078
2018-07-17,2018-11-30,25.431,88.042,36.389,13.539,45.167812,13.35409,704.50006,6.80292,9.239699435763889,12.11144314236111,3.5545082
2018-02-10,2018-06-05,26.42,89.186,32.641502,9.7915,40.113083,8.882893,616.00006,5.7327585,9.613837890625,12.566121961805555,3.6573937
2018-07-15,2018-11-16,25.526,87.946,36.987,14.437,45.231976,14.570457,764.0,7.536,9.176097005208334,12.285670572916667,3.6607776
2018-07-10,2018-11-12,25.74,88.222,36.724,15.924,44.80056,16.14539,716.7,8.333333,9.036245659722223,12.384759114583334,3.6045291
2018-06-29,2018-11-09,27.212,82.602,35.682503,14.2825,43.14475,14.536823,1069.2,7.5074625,8.572137044270834,12.55299587673611,3.7386985
2018-07-17,2018-11-24,25.675,86.878,36.989002,13.988999,44.54834,13.864054,746.3,7.40458,9.14150390625,12.176293402777778,3.6261036
2018-06-20,2018-10-20,30.667,75.881,40.010998,15.161,43.981102,14.590637,679.89996,5.495935,9.196642795138889,12.997006293402778,3.9123762
2018-06-18,2018-11-17,26.813,84.087,39.113,13.712999,44.91947,12.795708,1085.0,7.620915,9.092773980034723,12.548562282986111,3.8551078
2018-06-22,2018-12-03,21.11,81.682,36.613,13.313,40.841656,12.488464,1185.4,7.2363634,7.764024522569445,12.279605034722222,3.5943477
2018-07-06,2018-11-16,25.907,86.727,36.937,14.287001,44.935272,13.991711,690.9,8.067164,9.340997178819444,12.38063259548611,3.7641487
2018-07-11,2018-12-12,21.852,87.185,34.323997,13.074,41.254906,12.1757145,1022.89996,7.8580647,8.614192708333333,12.061322699652777,3.3223114
2018-07-15,2018-11-23,16.396,80.897,35.6935,20.9435,41.383698,22.676907,621.80005,6.0227275,8.749490559895833,12.16869140625,4.1327662
2018-07-26,2018-11-02,23.665,88.238,34.663002,18.013,41.75623,19.287458,628.5,8.83,8.862795681423611,12.31045138888889,3.5905848
2018-07-12,2018-11-04,27.444,82.787,35.586998,15.587001,43.20219,15.427731,851.2,6.956897,8.816441514756944,12.484944661458334,3.8036783
2018-07-24,2018-11-13,25.374,87.186,35.901997,16.602,44.227127,17.323952,635.0,7.5840707,9.164303385416666,12.222390407986111,3.682175
2018-06-20,2018-10-24,30.257,76.158,40.919502,14.3695,44.366253,13.061407,603.10004,5.4488187,8.998755967881944,12.926827256944444,3.919377
2018-07-30,2018-11-19,26.133,86.121,36.195503,13.8455,44.922306,13.694975,484.7,6.433628,9.502842881944444,12.088314887152778,3.752327
2018-07-25,2018-11-20,21.152,81.613,33.601997,14.302,39.304615,13.852787,692.4,6.184874,8.082259114583334,12.127683376736112,3.6517925
2018-08-23,2018-12-13,17.737,82.566,34.1455,17.1455,40.333088,16.750988,411.7,3.7699115,9.401075303819445,11.745636935763889,3.9301653
2018-07-05,2018-10-28,26.332,85.264,36.5305,16.3305,45.077137,16.850542,838.60004,9.206897,9.300680338541667,12.62091796875,3.9598298
2018-07-19,2018-12-07,24.882,85.847,38.027,11.177,44.41218,10.169648,727.1,6.133803,8.893831922743056,12.020990668402778,3.5132017
2018-07-15,2018-11-15,25.229,86.882,37.726,14.026,44.174267,14.371094,720.6,7.548387,9.126550564236112,12.293893229166667,3.7053387
2018-08-02,2018-11-29,25.177,86.563,35.5975,14.8475,44.340916,14.372595,452.6,5.525,9.3851171875,11.948308376736112,3.589797
2018-07-25,2018-12-05,22.954,88.662,33.5935,13.2435,41.51882,12.82873,890.1001,7.3432837,8.847070855034723,11.98837890625,3.4148674
2018-06-19,2018-11-08,21.575,81.778,38.083,16.483,43.500134,15.412514,1047.9,8.118881,7.696508246527777,12.525602213541667,3.7028413
2018-06-16,2018-10-13,30.224,76.422,40.859,16.559,44.153797,16.446941,731.0,6.0916667,8.873062608506945,13.10828342013889,3.95359
2018-07-10,2018-11-01,26.621,85.017,36.6345,15.7345,44.51685,16.039312,761.89996,8.956522,9.023687065972222,12.52846896701389,3.7974164
2018-07-02,2018-11-28,21.406,81.775,34.113,12.912999,41.90248,12.236813,1060.4,7.38,7.907777777777778,12.25100368923611,3.6038575
2018-06-20,2018-12-26,18.984,84.582,39.4465,13.5965,45.590595,12.646488,1926.9,6.4210525,8.335467664930556,12.11919162326389,3.5739295
2018-06-27,2018-10-26,23.958,88.012,35.836998,17.036999,43.914097,17.81009,927.30005,9.991803,8.837546657986111,12.654329427083333,3.722449
2018-10-05,2018-12-29,15.377,77.05,37.8515,16.8515,37.904816,16.974867,96.700005,1.5813954,9.976279296875,11.463654513888889,5.072077
2018-06-20,2018-11-30,21.316,81.971,38.677998,14.128,44.209137,13.557726,1208.6001,7.402439,7.830647243923611,12.320426432291667,3.690254
2018-07-25,2018-11-22,25.085,83.201,34.8605,14.960501,43.702267,15.101309,769.5,6.570248,8.409816080729167,12.110995008680556,3.764032
2018-06-25,2018-10-24,26.602,84.032,37.139,16.739,46.326267,16.894674,1168.8999,9.401639,8.764229058159723,12.767225477430555,3.901371
2018-07-12,2018-11-20,26.423,86.175,37.128,13.128,45.06854,12.63846,691.0,7.3257575,9.44484157986111,12.278382161458333,3.7995045
2018-07-14,2018-12-29,15.909,78.342,36.0695,18.119501,37.82853,17.690104,295.5,4.0532546,9.195460069444444,11.968891059027778,4.646745
2018-06-22,2018-11-18,27.346,82.934,39.111,12.411,44.57322,11.682949,1157.3,6.826667,8.868827582465277,12.511418185763889,3.8523836
2018-07-30,2018-12-10,17.743,82.684,34.599,17.399,40.738407,17.077917,753.5999,4.850746,8.957643229166667,11.947495659722222,3.8957646
2018-07-08,2018-11-19,27.201,83.663,35.4565,11.4565,45.24406,10.737231,1015.1,7.0296297,9.012900390625,12.339666883680556,3.607074
2018-07-15,2018-11-20,24.961,86.586,37.5895,14.089499,44.420002,13.293396,710.2,7.387597,8.934739040798611,12.237347005208333,3.623179
2018-07-03,2018-11-28,25.253,84.056,37.5935,12.893499,44.611347,12.362318,1016.9,7.067114,9.081703016493055,12.271841362847223,3.881533
2018-07-09,2018-11-15,26.432,86.176,37.1345,13.1345005,45.07974,12.647024,701.69995,7.6384616,9.454664713541666,12.367907986111112,3.8409119
2018-07-24,2018-11-21,25.067,86.873,35.7195,14.1195,44.158173,13.725733,751.8,7.041322,8.883315972222222,12.132578125,3.5275495
2018-07-27,2018-12-29,22.366,88.186,33.537,9.087001,42.035717,7.2904625,877.2,6.5576925,8.624231770833333,11.788748914930556,3.282878
2018-02-23,2018-05-28,26.053,89.288,32.8085,16.0085,38.938675,14.647041,515.10004,5.905263,9.286789279513888,12.635938585069445,3.7259347
2018-07-16,2018-12-14,20.248,86.099,33.7955,15.8455,42.118458,15.827879,1707.3,7.6973686,8.290202907986112,12.010415581597222,3.3403435
2018-07-30,2018-11-27,22.683,87.953,33.639,14.738999,41.844822,14.967997,716.9,7.181818,8.83863009982639,12.014071180555556,3.486001
2018-07-14,2018-11-30,25.542,86.961,37.1195,14.0195,44.329887,13.59635,774.19995,7.1285715,9.261475694444444,12.142969835069444,3.6458867
2018-06-27,2018-11-14,18.587,84.049,34.127,19.477001,41.338013,18.433895,1539.5,8.148936,7.940608723958333,12.369717881944444,3.5302472
2018-07-19,2018-11-24,24.941,83.986,36.76,15.16,44.267666,14.202152,1116.8,7.6899223,8.787467447916667,12.153057725694444,3.7483814
2018-07-15,2018-11-24,25.154,86.856,37.601997,13.302,44.415848,13.33119,804.4,7.112782,9.090313042534722,12.195049913194444,3.6293123
2018-07-11,2018-12-13,17.512,82.731,34.637,15.637,41.63035,15.953964,1023.10004,5.730769,8.870311414930555,12.06493381076389,3.9651384
2018-07-27,2019-01-02,16.031,80.865,35.763,16.263,40.847786,16.755547,575.3,5.225,8.898811848958333,11.868153211805556,3.8641648
2018-07-21,2018-11-07,26.007,85.229,35.671497,16.271502,44.84578,16.828598,698.5,8.181818,9.008981119791667,12.329769965277778,3.7500596
2018-07-06,2018-11-20,27.257,83.231,35.341503,13.5415,43.583652,13.1362705,1064.0,6.4565215,9.075863715277778,12.349631076388889,3.6695611
2018-07-30,2018-11-17,23.595,86.799,33.6755,15.7255,40.843193,15.832714,648.7001,7.4864864,8.784411892361112,12.110406901041667,3.5552187
2018-08-06,2018-10-31,22.63,88.096,33.580498,17.1805,41.98625,17.855,541.4,8.643678,8.925480685763889,12.212570529513888,3.5845008
2018-06-28,2018-11-06,25.556,88.046,37.2045,17.1045,45.36718,18.164553,939.9,9.174242,9.024364691840278,12.563250868055556,3.685962
2018-06-26,2018-11-14,26.347,85.4,36.6175,13.8175,44.80798,13.330042,1009.49994,8.584507,9.272952473958334,12.504483506944444,3.9053912
2018-06-15,2018-10-27,30.349,76.592,40.387,12.837001,43.42166,11.74421,790.9,6.014815,9.107549913194445,12.932664930555555,3.9570887
2018-07-09,2018-10-30,26.765,85.667,36.739002,15.339,45.1629,14.901508,744.5,8.666667,9.520621744791667,12.565989583333334,3.8695042
2018-07-21,2018-11-20,20.46,81.394,33.1015,15.3515,38.680603,15.105698,850.1,6.487805,8.0664306640625,12.161110026041667,3.668709
2019-07-05,2019-11-01,14.726,77.265,34.745502,20.9455,37.23724,22.37544,539.80005,8.033334,8.213908962673612,12.356421440972222,4.4058533
2018-07-26,2018-11-18,25.249,83.15,35.2825,14.2325,44.258076,14.131178,769.2,6.715517,8.698497178819444,12.144120008680556,3.7791471
2018-06-21,2018-10-26,29.776,75.909,40.6545,15.6045,45.063293,13.951221,462.0,4.3515625,9.160146484375,12.874166666666667,4.2141848
2018-07-18,2018-11-02,23.598,86.805,35.3015,16.2015,43.167126,16.618187,813.8,9.537037,8.206813151041667,12.388345269097222,3.5127184
2018-08-15,2018-12-20,16.031,80.865,35.363,17.663,40.847786,18.07318,418.7,4.9609375,9.193836805555556,11.801569010416667,3.892866
2018-07-01,2018-10-30,27.159,83.254,35.288498,17.0885,43.719917,16.784775,1188.8,8.680327,8.7759326171875,12.654954427083334,3.714112
2018-07-02,2018-11-26,24.819,85.665,38.028,14.528,44.244205,13.785917,887.89996,6.777027,9.067103949652777,12.298430989583334,3.8302844
2018-07-08,2018-11-21,26.307,85.031,36.515,14.665,44.781887,14.426134,735.9,7.2846713,9.308042534722222,12.308081597222222,3.777554
2018-07-20,2018-11-26,16.483,80.925,35.75,19.05,41.801865,20.96229,610.10004,5.6923075,8.765811089409722,12.116108940972222,4.0623946
2018-06-30,2018-11-30,21.521,81.723,33.963,13.113,40.59358,12.616016,941.5,7.0064936,8.101353081597223,12.250155164930556,3.6433954
2018-07-16,2018-11-23,26.555,85.95,37.067,13.266999,44.508034,13.124895,682.4,7.374046,9.503633897569445,12.201592881944444,3.7538574
2018-07-20,2018-11-22,24.887,85.833,37.932503,13.2325,44.57983,13.244701,759.9,6.7380953,8.93199924045139,12.163927951388889,3.6137638
2018-07-25,2018-12-20,21.097,86.693,34.0935,12.2935,43.027367,11.654805,1034.9,6.3825502,8.620547960069445,11.884857855902778,3.3678496
2018-07-28,2018-11-19,25.066,86.187,35.916,15.816,44.318954,15.465954,602.6,6.347826,9.031193033854167,12.110939670138889,3.598213
2018-06-22,2018-10-23,30.671,75.878,40.010998,14.061001,43.981102,12.998667,679.9,5.451613,9.19482421875,12.936143663194445,3.8741689
2018-08-02,2018-11-27,23.594,86.773,33.6235,13.4235,40.752403,12.911331,559.2001,6.5,9.031820203993055,11.978960503472223,3.5481575
2018-06-13,2018-10-08,30.126,76.462,41.935,17.734999,44.130516,18.81628,730.3,6.2966104,8.896780598958333,13.194698350694445,4.0437355
2018-08-14,2018-11-25,16.222,80.878,35.4435,19.793499,40.558743,22.206196,384.1,5.3653846,9.186244574652777,11.950560980902777,4.0369525
2018-06-22,2018-11-21,18.584,84.05,34.1205,19.4705,41.327156,18.42374,1590.0,7.8104577,7.955827907986111,12.345913628472223,3.525277
2018-07-30,2018-11-28,25.244,86.238,35.9675,13.9675,44.37722,13.394592,471.7,5.5983605,9.311277126736112,11.991784939236112,3.6425734
2018-07-14,2018-12-30,21.083,86.671,34.171497,9.8215,42.943436,7.3318605,1310.2999,6.670588,8.599500868055555,11.913304036458333,3.3786275
2018-09-09,2018-11-30,23.551,86.075,33.4675,13.3175,39.453636,12.389765,120.000015,2.5542169,9.504888237847222,11.543291015625,3.7127407
2018-08-01,2018-11-30,24.782,86.629,34.945,15.045,42.437885,14.250158,433.8,5.491803,9.247693142361111,11.952088758680556,3.6765325
2018-07-30,2018-11-30,16.795,81.223,34.830498,18.6805,41.890675,19.829065,660.0,5.548387,8.790055338541666,12.020180121527778,3.976555
2018-07-12,2018-11-21,26.269,86.418,37.0935,13.9435,45.192448,13.3514,788.3,7.7518797,9.445946180555556,12.26586154513889,3.719481
2018-07-16,2018-11-12,26.39,85.214,36.672,13.822,44.7219,13.433083,751.10004,7.766667,9.177544487847221,12.3291796875,3.8287263
2018-02-12,2018-05-24,26.488,89.135,32.810997,12.011001,39.00573,11.280064,473.4,4.872549,9.765889756944444,12.465194227430555,3.6905937
2018-07-27,2018-11-20,23.244,86.681,33.385002,15.585,40.41733,15.705538,731.2,7.811966,8.462811957465277,12.1103125,3.5075471
2018-07-15,2018-11-05,25.524,83.273,36.376,17.925999,44.96762,18.566769,862.3,7.982456,8.696257052951388,12.411918402777777,3.8804646
2018-07-08,2018-11-16,25.165,84.284,37.6195,14.7695,44.506023,14.606222,1129.3,7.848485,9.069600151909722,12.351837022569445,3.899145
2018-07-17,2018-11-11,26.343,85.312,36.624,13.824,44.81901,13.338594,801.80005,8.144068,9.201050347222223,12.329498697916666,3.8073478
2018-07-10,2018-11-25,26.09,86.037,37.2845,13.3345,45.069027,13.141981,710.10004,7.0647483,9.398787977430555,12.240835503472223,3.7927403
